
--BOOKS DATA
INSERT INTO `books` (`book_id`, `title`, `author`, `genre`, `publication_year`, `copies_available`) VALUES ('1011','Murder at the Vicarage','Agatha Christie','Mystery','2009','12');
INSERT INTO `books` (`book_id`, `title`, `author`, `genre`, `publication_year`, `copies_available`) VALUES ('1012','Chocolate Chip Cookie Murder','Joanne Fluke ','Mystery','2009','15');
INSERT INTO `books` (`book_id`, `title`, `author`, `genre`, `publication_year`, `copies_available`) VALUES ('1013','To Kill a Mockingbird','Harper Lee','Mystery','2009','18');
INSERT INTO `books` (`book_id`, `title`, `author`, `genre`, `publication_year`, `copies_available`) VALUES ('1014','The Great Gatsby','F. Scott Fitzgerald','Mystery','2009','21');
INSERT INTO `books` (`book_id`, `title`, `author`, `genre`, `publication_year`, `copies_available`) VALUES ('1015','The Catcher in the Rye','J.D. Salinger','Classic','1951','24');
INSERT INTO `books` (`book_id`, `title`, `author`, `genre`, `publication_year`, `copies_available`) VALUES ('1016','The Hobbit','J.R.R. Tolkien','Fantasy','1937','27');
INSERT INTO `books` (`book_id`, `title`, `author`, `genre`, `publication_year`, `copies_available`) VALUES ('1017','Fahrenheit 451','Ray Bradbury','Dystopian','1953','30');
INSERT INTO `books` (`book_id`, `title`, `author`, `genre`, `publication_year`, `copies_available`) VALUES ('1018','The Lord of the Rings','J.R.R. Tolkien','Fantasy','1954','33');
INSERT INTO `books` (`book_id`, `title`, `author`, `genre`, `publication_year`, `copies_available`) VALUES ('1019','Pride and Prejudice','Jane Austen','Classic','1813','36');
INSERT INTO `books` (`book_id`, `title`, `author`, `genre`, `publication_year`, `copies_available`) VALUES ('1020','The Diary of a Young Girl','Anne Frank','Biography','1947','39');
INSERT INTO `books` (`book_id`, `title`, `author`, `genre`, `publication_year`, `copies_available`) VALUES ('1021','Brave New World','Aldous Huxley','Dystopian','1932','42');
INSERT INTO `books` (`book_id`, `title`, `author`, `genre`, `publication_year`, `copies_available`) VALUES ('1022','Animal Farm','George Orwell','Satire','1945','45');
INSERT INTO `books` (`book_id`, `title`, `author`, `genre`, `publication_year`, `copies_available`) VALUES ('1023','The Book Thief','Markus Zusak','Historical Fiction','2005','48');
INSERT INTO `books` (`book_id`, `title`, `author`, `genre`, `publication_year`, `copies_available`) VALUES ('1024','The Chronicles of Narnia','C.S. Lewis','Fantasy','1950','51');
INSERT INTO `books` (`book_id`, `title`, `author`, `genre`, `publication_year`, `copies_available`) VALUES ('1025','Jane Eyre','Charlotte Bronte','Classic','1847','54');
INSERT INTO `books` (`book_id`, `title`, `author`, `genre`, `publication_year`, `copies_available`) VALUES ('1026','Wuthering Heights','Emily Bronte','Classic','1847','57');
INSERT INTO `books` (`book_id`, `title`, `author`, `genre`, `publication_year`, `copies_available`) VALUES ('1027','Crime and Punishment','Fyodor Dostoevsky','Classic','1866','60');
INSERT INTO `books` (`book_id`, `title`, `author`, `genre`, `publication_year`, `copies_available`) VALUES ('1028','Moby Dick','Herman Melville','Classic','1851','63');
INSERT INTO `books` (`book_id`, `title`, `author`, `genre`, `publication_year`, `copies_available`) VALUES ('1029','War and Peace','Leo Tolstoy','Classic','1869','66');
INSERT INTO `books` (`book_id`, `title`, `author`, `genre`, `publication_year`, `copies_available`) VALUES ('1030','The Odyssey','Homer','Epic','1980','69');
INSERT INTO `books` (`book_id`, `title`, `author`, `genre`, `publication_year`, `copies_available`) VALUES ('1031','Great Expectations','Charles Dickens','Classic','1861','72');
INSERT INTO `books` (`book_id`, `title`, `author`, `genre`, `publication_year`, `copies_available`) VALUES ('1032','Harry Potter and the Sorcerer Stone','J.K. Rowling','Fantasy','1997','75');
INSERT INTO `books` (`book_id`, `title`, `author`, `genre`, `publication_year`, `copies_available`) VALUES ('1033','Harry Potter and the Chamber of Secrets','J.K. Rowling','Fantasy','1998','78');
INSERT INTO `books` (`book_id`, `title`, `author`, `genre`, `publication_year`, `copies_available`) VALUES ('1034','Harry Potter and the Prisoner of Azkaban','J.K. Rowling','Fantasy','1999','81');
INSERT INTO `books` (`book_id`, `title`, `author`, `genre`, `publication_year`, `copies_available`) VALUES ('1035','Harry Potter and the Goblet of Fire','J.K. Rowling','Fantasy','2000','84');
INSERT INTO `books` (`book_id`, `title`, `author`, `genre`, `publication_year`, `copies_available`) VALUES ('1036','Harry Potter and the Order of the Phoenix','J.K. Rowling','Fantasy','2003','87');
INSERT INTO `books` (`book_id`, `title`, `author`, `genre`, `publication_year`, `copies_available`) VALUES ('1037','Harry Potter and the Half-Blood Prince','J.K. Rowling','Fantasy','2005','90');
INSERT INTO `books` (`book_id`, `title`, `author`, `genre`, `publication_year`, `copies_available`) VALUES ('1038','Harry Potter and the Deathly Hallows','J.K. Rowling','Fantasy','2007','43');
INSERT INTO `books` (`book_id`, `title`, `author`, `genre`, `publication_year`, `copies_available`) VALUES ('1039','The Hunger Games','Suzanne Collins','Dystopian','2008','47');
INSERT INTO `books` (`book_id`, `title`, `author`, `genre`, `publication_year`, `copies_available`) VALUES ('1040','Catching Fire','Suzanne Collins','Dystopian','2009','51');
INSERT INTO `books` (`book_id`, `title`, `author`, `genre`, `publication_year`, `copies_available`) VALUES ('1041','Mockingjay','Suzanne Collins','Dystopian','2010','55');
INSERT INTO `books` (`book_id`, `title`, `author`, `genre`, `publication_year`, `copies_available`) VALUES ('1042','The Kite Runner','Khaled Hosseini','Historical Fiction','2003','59');
INSERT INTO `books` (`book_id`, `title`, `author`, `genre`, `publication_year`, `copies_available`) VALUES ('1043','A Thousand Splendid Suns','Khaled Hosseini','Historical Fiction','2007','63');
INSERT INTO `books` (`book_id`, `title`, `author`, `genre`, `publication_year`, `copies_available`) VALUES ('1044','Gone with the Wind','Margaret Mitchell','Historical Fiction','1936','67');
INSERT INTO `books` (`book_id`, `title`, `author`, `genre`, `publication_year`, `copies_available`) VALUES ('1045','The Help','Kathryn Stockett','Historical Fiction','2009','71');
INSERT INTO `books` (`book_id`, `title`, `author`, `genre`, `publication_year`, `copies_available`) VALUES ('1046','The Girl on the Train','Paula Hawkins','Thriller','2015','75');
INSERT INTO `books` (`book_id`, `title`, `author`, `genre`, `publication_year`, `copies_available`) VALUES ('1047','The Fault in Our Stars','John Green','Romance','2012','79');
INSERT INTO `books` (`book_id`, `title`, `author`, `genre`, `publication_year`, `copies_available`) VALUES ('1048','Divergent','Veronica Roth','Dystopian','2011','83');
INSERT INTO `books` (`book_id`, `title`, `author`, `genre`, `publication_year`, `copies_available`) VALUES ('1049','Insurgent','Veronica Roth','Dystopian','2012','87');
INSERT INTO `books` (`book_id`, `title`, `author`, `genre`, `publication_year`, `copies_available`) VALUES ('1050','Allegiant','Veronica Roth','Dystopian','2013','91');
INSERT INTO `books` (`book_id`, `title`, `author`, `genre`, `publication_year`, `copies_available`) VALUES ('1051','The Maze Runner','James Dashner','Science Fiction','2009','95');
INSERT INTO `books` (`book_id`, `title`, `author`, `genre`, `publication_year`, `copies_available`) VALUES ('1052','The Scorch Trials','James Dashner','Science Fiction','2010','99');
INSERT INTO `books` (`book_id`, `title`, `author`, `genre`, `publication_year`, `copies_available`) VALUES ('1053','The Death Cure','James Dashner','Science Fiction','2011','103');
INSERT INTO `books` (`book_id`, `title`, `author`, `genre`, `publication_year`, `copies_available`) VALUES ('1054','The Giver','Lois Lowry','Science Fiction','1993','107');
INSERT INTO `books` (`book_id`, `title`, `author`, `genre`, `publication_year`, `copies_available`) VALUES ('1055','The Outsiders','S.E. Hinton','Young Adult','1967','111');
INSERT INTO `books` (`book_id`, `title`, `author`, `genre`, `publication_year`, `copies_available`) VALUES ('1056','Ender Game','Orson Scott Card','Science Fiction','1985','115');
INSERT INTO `books` (`book_id`, `title`, `author`, `genre`, `publication_year`, `copies_available`) VALUES ('1057','The Handmaid Tale','Margaret Atwood','Dystopian','1985','119');
INSERT INTO `books` (`book_id`, `title`, `author`, `genre`, `publication_year`, `copies_available`) VALUES ('1058','The Alchemist','Paulo Coelho','Philosophical','1988','123');
INSERT INTO `books` (`book_id`, `title`, `author`, `genre`, `publication_year`, `copies_available`) VALUES ('1059','Life of Pi','Yann Martel','Adventure','2001','127');
INSERT INTO `books` (`book_id`, `title`, `author`, `genre`, `publication_year`, `copies_available`) VALUES ('1060','The Road','Cormac McCarthy','Post-apocalyptic','2006','131');
INSERT INTO `books` (`book_id`, `title`, `author`, `genre`, `publication_year`, `copies_available`) VALUES ('1061','The Girl with the Dragon Tattoo','Stieg Larsson','Thriller','2005','135');



--MEMBERS DATA
INSERT INTO `members` (`member_id`, `name`, `email`, `phone_number`, `membership_date`) VALUES ('101','John Doe','john.doe@gmail.com','88012345678','15-06-19');
INSERT INTO `members` (`member_id`, `name`, `email`, `phone_number`, `membership_date`) VALUES ('102','Jane Smith','jane.smith@gmail.com','88012345679','22-03-20');
INSERT INTO `members` (`member_id`, `name`, `email`, `phone_number`, `membership_date`) VALUES ('103','Mike Johnson','mike.johnson@gmail.com','88012345680','30-11-21');
INSERT INTO `members` (`member_id`, `name`, `email`, `phone_number`, `membership_date`) VALUES ('104','Emily Davis','emily.davis@gmail.com','88012345681','14-08-18');
INSERT INTO `members` (`member_id`, `name`, `email`, `phone_number`, `membership_date`) VALUES ('105','Chris Brown','chris.brown@gmail.com','88012345682','28-02-17');
INSERT INTO `members` (`member_id`, `name`, `email`, `phone_number`, `membership_date`) VALUES ('106','Sarah Wilson','sarah.wilson@gmail.com','88012345683','10-01-22');
INSERT INTO `members` (`member_id`, `name`, `email`, `phone_number`, `membership_date`) VALUES ('107','David Martinez','david.martinez@gmail.com','88012345684','04-07-19');
INSERT INTO `members` (`member_id`, `name`, `email`, `phone_number`, `membership_date`) VALUES ('108','Laura Lee','laura.lee@gmail.com','88012345685','05-12-20');
INSERT INTO `members` (`member_id`, `name`, `email`, `phone_number`, `membership_date`) VALUES ('109','Daniel Taylor','daniel.taylor@gmail.com','88012345686','19-09-18');
INSERT INTO `members` (`member_id`, `name`, `email`, `phone_number`, `membership_date`) VALUES ('110','Lisa Clark','lisa.clark@gmail.com','88012345687','07-04-16');
INSERT INTO `members` (`member_id`, `name`, `email`, `phone_number`, `membership_date`) VALUES ('111','Paul Walker','paul.walker@gmail.com','88012345688','15-03-23');
INSERT INTO `members` (`member_id`, `name`, `email`, `phone_number`, `membership_date`) VALUES ('112','Nancy Hall','nancy.hall@gmail.com','88012345689','25-05-19');
INSERT INTO `members` (`member_id`, `name`, `email`, `phone_number`, `membership_date`) VALUES ('113','Steven Allen','steven.allen@gmail.com','88012345690','09-07-21');
INSERT INTO `members` (`member_id`, `name`, `email`, `phone_number`, `membership_date`) VALUES ('114','Susan Young','susan.young@gmail.com','88012345691','21-10-20');
INSERT INTO `members` (`member_id`, `name`, `email`, `phone_number`, `membership_date`) VALUES ('115','Karen King','karen.king@gmail.com','88012345692','17-01-17');
INSERT INTO `members` (`member_id`, `name`, `email`, `phone_number`, `membership_date`) VALUES ('116','Michael Wright','michael.wright@gmail.com','88012345693','12-02-22');
INSERT INTO `members` (`member_id`, `name`, `email`, `phone_number`, `membership_date`) VALUES ('117','Laura Scott','laura.scott@gmail.com','88012345694','30-03-18');
INSERT INTO `members` (`member_id`, `name`, `email`, `phone_number`, `membership_date`) VALUES ('118','Andrew Adams','andrew.adams@gmail.com','88012345695','22-12-16');
INSERT INTO `members` (`member_id`, `name`, `email`, `phone_number`, `membership_date`) VALUES ('119','Stephanie Baker','stephanie.baker@gmail.com','88012345696','13-09-19');
INSERT INTO `members` (`member_id`, `name`, `email`, `phone_number`, `membership_date`) VALUES ('120','Brian Edwards','brian.edwards@gmail.com','88012345697','26-04-21');




--BORROW DATA
INSERT INTO `borrowing` (`borrow_id`, `book_id`, `member_id`, `borrow_date`, `return_date`) VALUES ('10001','1018','101','12-02-24',' 31-05-24');
INSERT INTO `borrowing` (`borrow_id`, `book_id`, `member_id`, `borrow_date`, `return_date`) VALUES ('10002','1018','102','13-02-24',' 31-05-24');
INSERT INTO `borrowing` (`borrow_id`, `book_id`, `member_id`, `borrow_date`, `return_date`) VALUES ('10003','1018','103','14-02-24',' 31-05-24');
INSERT INTO `borrowing` (`borrow_id`, `book_id`, `member_id`, `borrow_date`, `return_date`) VALUES ('10004','1018','104','15-02-24',' 31-05-24');
INSERT INTO `borrowing` (`borrow_id`, `book_id`, `member_id`, `borrow_date`, `return_date`) VALUES ('10005','1018','105','16-02-24',' 31-05-24');
INSERT INTO `borrowing` (`borrow_id`, `book_id`, `member_id`, `borrow_date`, `return_date`) VALUES ('10006','1018','106','17-02-24',' 31-05-24');
INSERT INTO `borrowing` (`borrow_id`, `book_id`, `member_id`, `borrow_date`, `return_date`) VALUES ('10007','1018','107','18-02-24',' 31-05-24');
INSERT INTO `borrowing` (`borrow_id`, `book_id`, `member_id`, `borrow_date`, `return_date`) VALUES ('10008','1018','108','19-02-24',' 31-05-24');
INSERT INTO `borrowing` (`borrow_id`, `book_id`, `member_id`, `borrow_date`, `return_date`) VALUES ('10009','1018','109','20-02-24',' 31-05-24');
INSERT INTO `borrowing` (`borrow_id`, `book_id`, `member_id`, `borrow_date`, `return_date`) VALUES ('10010','1018','110','21-02-24',' 31-05-24');
INSERT INTO `borrowing` (`borrow_id`, `book_id`, `member_id`, `borrow_date`, `return_date`) VALUES ('10011','1018','111','22-02-24',' 31-05-24');
INSERT INTO `borrowing` (`borrow_id`, `book_id`, `member_id`, `borrow_date`, `return_date`) VALUES ('10012','1018','112','23-02-24',' 31-05-24');
INSERT INTO `borrowing` (`borrow_id`, `book_id`, `member_id`, `borrow_date`, `return_date`) VALUES ('10013','1018','113','24-02-24',' 31-05-24');
INSERT INTO `borrowing` (`borrow_id`, `book_id`, `member_id`, `borrow_date`, `return_date`) VALUES ('10014','1018','114','25-02-24',' 31-05-24');
INSERT INTO `borrowing` (`borrow_id`, `book_id`, `member_id`, `borrow_date`, `return_date`) VALUES ('10015','1019','114','26-02-24',' 31-05-24');
INSERT INTO `borrowing` (`borrow_id`, `book_id`, `member_id`, `borrow_date`, `return_date`) VALUES ('10016','1020','114','27-02-24',' 31-05-24');
INSERT INTO `borrowing` (`borrow_id`, `book_id`, `member_id`, `borrow_date`, `return_date`) VALUES ('10017','1021','114','28-02-24',' 31-05-24');
INSERT INTO `borrowing` (`borrow_id`, `book_id`, `member_id`, `borrow_date`, `return_date`) VALUES ('10018','1022','114','29-02-24',' 31-05-24');
INSERT INTO `borrowing` (`borrow_id`, `book_id`, `member_id`, `borrow_date`, `return_date`) VALUES ('10019','1023','114','01-03-24',' 31-05-24');
INSERT INTO `borrowing` (`borrow_id`, `book_id`, `member_id`, `borrow_date`, `return_date`) VALUES ('10020','1024','114','02-03-24',' 31-05-24');
INSERT INTO `borrowing` (`borrow_id`, `book_id`, `member_id`, `borrow_date`, `return_date`) VALUES ('10021','1025','114','03-03-24',' 31-05-24');
INSERT INTO `borrowing` (`borrow_id`, `book_id`, `member_id`, `borrow_date`, `return_date`) VALUES ('10022','1026','114','04-03-24',' 31-05-24');
INSERT INTO `borrowing` (`borrow_id`, `book_id`, `member_id`, `borrow_date`, `return_date`) VALUES ('10023','1027','114','05-03-24',' 31-05-24');
INSERT INTO `borrowing` (`borrow_id`, `book_id`, `member_id`, `borrow_date`, `return_date`) VALUES ('10024','1028','114','06-03-24',' 31-05-24');
INSERT INTO `borrowing` (`borrow_id`, `book_id`, `member_id`, `borrow_date`, `return_date`) VALUES ('10025','1029','111','07-03-24',' 31-05-24');
INSERT INTO `borrowing` (`borrow_id`, `book_id`, `member_id`, `borrow_date`, `return_date`) VALUES ('10026','1030','112','08-03-24',' 31-05-24');
INSERT INTO `borrowing` (`borrow_id`, `book_id`, `member_id`, `borrow_date`, `return_date`) VALUES ('10027','1031','113','09-03-24',' 31-05-24');
INSERT INTO `borrowing` (`borrow_id`, `book_id`, `member_id`, `borrow_date`, `return_date`) VALUES ('10028','1032','114','10-03-24',' 31-05-24');
INSERT INTO `borrowing` (`borrow_id`, `book_id`, `member_id`, `borrow_date`, `return_date`) VALUES ('10029','1033','115','11-03-24',' 31-05-24');
INSERT INTO `borrowing` (`borrow_id`, `book_id`, `member_id`, `borrow_date`, `return_date`) VALUES ('10030','1034','116','12-03-24',' 31-05-24');
INSERT INTO `borrowing` (`borrow_id`, `book_id`, `member_id`, `borrow_date`, `return_date`) VALUES ('10031','1035','117','13-03-24',' 31-05-24');
INSERT INTO `borrowing` (`borrow_id`, `book_id`, `member_id`, `borrow_date`, `return_date`) VALUES ('10032','1035','118','14-03-24',' 31-05-24');
INSERT INTO `borrowing` (`borrow_id`, `book_id`, `member_id`, `borrow_date`, `return_date`) VALUES ('10033','1035','119','15-03-24',' 31-05-24');
INSERT INTO `borrowing` (`borrow_id`, `book_id`, `member_id`, `borrow_date`, `return_date`) VALUES ('10034','1035','120','16-03-24',' 31-05-24');
INSERT INTO `borrowing` (`borrow_id`, `book_id`, `member_id`, `borrow_date`, `return_date`) VALUES ('10035','1035','101','17-03-24',' 31-05-24');
INSERT INTO `borrowing` (`borrow_id`, `book_id`, `member_id`, `borrow_date`, `return_date`) VALUES ('10036','1035','102','18-03-24',' 31-05-24');
INSERT INTO `borrowing` (`borrow_id`, `book_id`, `member_id`, `borrow_date`, `return_date`) VALUES ('10037','1035','103','19-03-24',' 31-05-24');
INSERT INTO `borrowing` (`borrow_id`, `book_id`, `member_id`, `borrow_date`, `return_date`) VALUES ('10038','1035','104','20-03-24',' 31-05-24');
INSERT INTO `borrowing` (`borrow_id`, `book_id`, `member_id`, `borrow_date`, `return_date`) VALUES ('10039','1035','105','21-03-24',' 31-05-24');
INSERT INTO `borrowing` (`borrow_id`, `book_id`, `member_id`, `borrow_date`, `return_date`) VALUES ('10040','1035','106','22-03-24',' 31-05-24');
INSERT INTO `borrowing` (`borrow_id`, `book_id`, `member_id`, `borrow_date`, `return_date`) VALUES ('10041','1035','107','23-03-24',' 31-05-24');
INSERT INTO `borrowing` (`borrow_id`, `book_id`, `member_id`, `borrow_date`, `return_date`) VALUES ('10042','1035','108','24-03-24',' 31-05-24');
INSERT INTO `borrowing` (`borrow_id`, `book_id`, `member_id`, `borrow_date`, `return_date`) VALUES ('10043','1035','109','25-03-24',' 31-05-24');
INSERT INTO `borrowing` (`borrow_id`, `book_id`, `member_id`, `borrow_date`, `return_date`) VALUES ('10044','1035','110','26-03-24',' 31-05-24');
INSERT INTO `borrowing` (`borrow_id`, `book_id`, `member_id`, `borrow_date`, `return_date`) VALUES ('10045','1035','111','27-03-24',' 31-05-24');
INSERT INTO `borrowing` (`borrow_id`, `book_id`, `member_id`, `borrow_date`, `return_date`) VALUES ('10046','1035','112','28-03-24',' 31-05-24');
INSERT INTO `borrowing` (`borrow_id`, `book_id`, `member_id`, `borrow_date`, `return_date`) VALUES ('10047','1035','113','29-03-24',' 31-05-24');
INSERT INTO `borrowing` (`borrow_id`, `book_id`, `member_id`, `borrow_date`, `return_date`) VALUES ('10048','1035','114','30-03-24',' 31-05-24');
INSERT INTO `borrowing` (`borrow_id`, `book_id`, `member_id`, `borrow_date`, `return_date`) VALUES ('10049','1035','115','31-03-24',' 31-05-24');
INSERT INTO `borrowing` (`borrow_id`, `book_id`, `member_id`, `borrow_date`, `return_date`) VALUES ('10050','1035','116','01-04-24',' 31-05-24');
INSERT INTO `borrowing` (`borrow_id`, `book_id`, `member_id`, `borrow_date`, `return_date`) VALUES ('10051','1035','117','02-04-24',' 31-05-24');
INSERT INTO `borrowing` (`borrow_id`, `book_id`, `member_id`, `borrow_date`, `return_date`) VALUES ('10052','1035','118','03-04-24',' 31-05-24');
INSERT INTO `borrowing` (`borrow_id`, `book_id`, `member_id`, `borrow_date`, `return_date`) VALUES ('10053','1035','119','04-04-24',' 31-05-24');
INSERT INTO `borrowing` (`borrow_id`, `book_id`, `member_id`, `borrow_date`, `return_date`) VALUES ('10054','1035','120','05-04-24',' 31-05-24');
INSERT INTO `borrowing` (`borrow_id`, `book_id`, `member_id`, `borrow_date`, `return_date`) VALUES ('10055','1035','101','06-04-24',' 31-05-24');
INSERT INTO `borrowing` (`borrow_id`, `book_id`, `member_id`, `borrow_date`, `return_date`) VALUES ('10056','1035','102','07-04-24',' 31-05-24');
INSERT INTO `borrowing` (`borrow_id`, `book_id`, `member_id`, `borrow_date`, `return_date`) VALUES ('10057','1035','103','08-04-24',' 31-05-24');
INSERT INTO `borrowing` (`borrow_id`, `book_id`, `member_id`, `borrow_date`, `return_date`) VALUES ('10058','1035','104','09-04-24',' 31-05-24');
INSERT INTO `borrowing` (`borrow_id`, `book_id`, `member_id`, `borrow_date`, `return_date`) VALUES ('10059','1035','105','10-04-24',' 31-05-24');
INSERT INTO `borrowing` (`borrow_id`, `book_id`, `member_id`, `borrow_date`, `return_date`) VALUES ('10060','1035','106','11-04-24',' 31-05-24');
INSERT INTO `borrowing` (`borrow_id`, `book_id`, `member_id`, `borrow_date`, `return_date`) VALUES ('10061','1035','107','12-04-24',' 31-05-24');
INSERT INTO `borrowing` (`borrow_id`, `book_id`, `member_id`, `borrow_date`, `return_date`) VALUES ('10062','1035','108','13-04-24',' 31-05-24');
INSERT INTO `borrowing` (`borrow_id`, `book_id`, `member_id`, `borrow_date`, `return_date`) VALUES ('10063','1035','109','14-04-24',' 31-05-24');
INSERT INTO `borrowing` (`borrow_id`, `book_id`, `member_id`, `borrow_date`, `return_date`) VALUES ('10064','1035','110','15-04-24',' 31-05-24');
INSERT INTO `borrowing` (`borrow_id`, `book_id`, `member_id`, `borrow_date`, `return_date`) VALUES ('10065','1035','111','16-04-24',' 31-05-24');
INSERT INTO `borrowing` (`borrow_id`, `book_id`, `member_id`, `borrow_date`, `return_date`) VALUES ('10066','1035','112','17-04-24',' 31-05-24');
INSERT INTO `borrowing` (`borrow_id`, `book_id`, `member_id`, `borrow_date`, `return_date`) VALUES ('10067','1035','113','18-04-24',' 31-05-24');
INSERT INTO `borrowing` (`borrow_id`, `book_id`, `member_id`, `borrow_date`, `return_date`) VALUES ('10068','1035','114','19-04-24',' 31-05-24');
INSERT INTO `borrowing` (`borrow_id`, `book_id`, `member_id`, `borrow_date`, `return_date`) VALUES ('10069','1035','115','20-04-24',' 31-05-24');
INSERT INTO `borrowing` (`borrow_id`, `book_id`, `member_id`, `borrow_date`, `return_date`) VALUES ('10070','1035','116','21-04-24',' 31-05-24');
INSERT INTO `borrowing` (`borrow_id`, `book_id`, `member_id`, `borrow_date`, `return_date`) VALUES ('10071','1035','117','22-04-24',' 31-05-24');
INSERT INTO `borrowing` (`borrow_id`, `book_id`, `member_id`, `borrow_date`, `return_date`) VALUES ('10072','1035','118','23-04-24',' 31-05-24');
INSERT INTO `borrowing` (`borrow_id`, `book_id`, `member_id`, `borrow_date`, `return_date`) VALUES ('10073','1035','119','24-04-24',' 31-05-24');
INSERT INTO `borrowing` (`borrow_id`, `book_id`, `member_id`, `borrow_date`, `return_date`) VALUES ('10074','1035','120','25-04-24',' 31-05-24');
INSERT INTO `borrowing` (`borrow_id`, `book_id`, `member_id`, `borrow_date`, `return_date`) VALUES ('10075','1035','101','26-04-24',' 31-05-24');
INSERT INTO `borrowing` (`borrow_id`, `book_id`, `member_id`, `borrow_date`, `return_date`) VALUES ('10076','1035','102','27-04-24',' 31-05-24');
INSERT INTO `borrowing` (`borrow_id`, `book_id`, `member_id`, `borrow_date`, `return_date`) VALUES ('10077','1035','103','28-04-24',' 31-05-24');
INSERT INTO `borrowing` (`borrow_id`, `book_id`, `member_id`, `borrow_date`, `return_date`) VALUES ('10078','1035','104','29-04-24',' 31-05-24');
INSERT INTO `borrowing` (`borrow_id`, `book_id`, `member_id`, `borrow_date`, `return_date`) VALUES ('10079','1035','105','30-04-24',' 31-05-24');
INSERT INTO `borrowing` (`borrow_id`, `book_id`, `member_id`, `borrow_date`, `return_date`) VALUES ('10080','1035','106','01-05-24',' 31-05-24');
INSERT INTO `borrowing` (`borrow_id`, `book_id`, `member_id`, `borrow_date`, `return_date`) VALUES ('10081','1035','107','02-05-24',' 31-05-24');
INSERT INTO `borrowing` (`borrow_id`, `book_id`, `member_id`, `borrow_date`, `return_date`) VALUES ('10082','1035','108','03-05-24',' 31-05-24');
INSERT INTO `borrowing` (`borrow_id`, `book_id`, `member_id`, `borrow_date`, `return_date`) VALUES ('10083','1036','109','04-05-24',' 31-05-24');
INSERT INTO `borrowing` (`borrow_id`, `book_id`, `member_id`, `borrow_date`, `return_date`) VALUES ('10084','1037','110','05-05-24',' 31-05-24');
INSERT INTO `borrowing` (`borrow_id`, `book_id`, `member_id`, `borrow_date`, `return_date`) VALUES ('10085','1038','111','06-05-24',' 31-05-24');
INSERT INTO `borrowing` (`borrow_id`, `book_id`, `member_id`, `borrow_date`, `return_date`) VALUES ('10086','1039','112','07-05-24',' 31-05-24');
INSERT INTO `borrowing` (`borrow_id`, `book_id`, `member_id`, `borrow_date`, `return_date`) VALUES ('10087','1040','113','08-05-24',' 31-05-24');
INSERT INTO `borrowing` (`borrow_id`, `book_id`, `member_id`, `borrow_date`, `return_date`) VALUES ('10088','1041','114','09-05-24',' 31-05-24');
INSERT INTO `borrowing` (`borrow_id`, `book_id`, `member_id`, `borrow_date`, `return_date`) VALUES ('10089','1042','115','10-05-24',' 31-05-24');
INSERT INTO `borrowing` (`borrow_id`, `book_id`, `member_id`, `borrow_date`, `return_date`) VALUES ('10090','1043','116','11-05-24',' 31-05-24');
INSERT INTO `borrowing` (`borrow_id`, `book_id`, `member_id`, `borrow_date`, `return_date`) VALUES ('10091','1044','117','12-05-24',' 31-05-24');
INSERT INTO `borrowing` (`borrow_id`, `book_id`, `member_id`, `borrow_date`, `return_date`) VALUES ('10092','1045','118','13-05-24',' 31-05-24');
INSERT INTO `borrowing` (`borrow_id`, `book_id`, `member_id`, `borrow_date`, `return_date`) VALUES ('10093','1046','119','14-05-24',' 31-05-24');
INSERT INTO `borrowing` (`borrow_id`, `book_id`, `member_id`, `borrow_date`, `return_date`) VALUES ('10094','1047','120','15-05-24',' 31-05-24');
INSERT INTO `borrowing` (`borrow_id`, `book_id`, `member_id`, `borrow_date`, `return_date`) VALUES ('10095','1048','120','16-05-24',' 31-05-24');
INSERT INTO `borrowing` (`borrow_id`, `book_id`, `member_id`, `borrow_date`, `return_date`) VALUES ('10096','1049','120','17-05-24',' 31-05-24');
INSERT INTO `borrowing` (`borrow_id`, `book_id`, `member_id`, `borrow_date`, `return_date`) VALUES ('10097','1050','120','18-05-24',' 31-05-24');
INSERT INTO `borrowing` (`borrow_id`, `book_id`, `member_id`, `borrow_date`, `return_date`) VALUES ('10098','1051','120','19-05-24',' 31-05-24');
INSERT INTO `borrowing` (`borrow_id`, `book_id`, `member_id`, `borrow_date`, `return_date`) VALUES ('10099','1052','120','20-05-24',' 31-05-24');
INSERT INTO `borrowing` (`borrow_id`, `book_id`, `member_id`, `borrow_date`, `return_date`) VALUES ('10100','1053','120','21-05-24',' 31-05-24');
